date,cityid,initclaims_count_regular,initclaims_rate_regular
2020-1-11,Los Angeles,13268,0.259
2020-1-11,New York City,22479,0.562
2020-1-11,Chicago,4980,0.192
2020-1-11,San Diego,3365,0.212
2020-1-11,Las Vegas,2187,0.193
2020-1-11,Seattle,1889,0.146
2020-1-11,San Jose,1532,0.145
2020-1-11,Philadelphia,3306,0.458
2020-1-11,Columbus,586,0.084
2020-1-11,Indianapolis,591,0.12
2020-1-11,San Francisco,955,0.164
2020-1-11,Louisville,846,0.21
2020-1-11,Washington,706,0.172
2020-1-11,Milwaukee,1146,0.245
2020-1-11,Fresno,3287,0.729
2020-1-11,Sacramento,2235,0.314
2020-1-11,Atlanta,1510,0.271
2020-1-11,Kansas City,1697,0.467
2020-1-11,Oakland,1624,0.192
2020-1-11,Cleveland,991,0.161
2020-1-11,Bakersfield,2967,0.759
2020-1-11,Honolulu,1104,0.245
2020-1-11,Boise,407,0.16
2020-1-18,Los Angeles,16551,0.323
2020-1-18,New York City,17185,0.429
2020-1-18,Chicago,5805,0.224
2020-1-18,San Diego,4198,0.264
2020-1-18,Las Vegas,2051,0.181
2020-1-18,Seattle,1726,0.134
2020-1-18,San Jose,1912,0.181
2020-1-18,Philadelphia,2034,0.282
2020-1-18,Columbus,551,0.079
2020-1-18,Indianapolis,468,0.0949
2020-1-18,San Francisco,1191,0.204
2020-1-18,Louisville,657,0.163
2020-1-18,Washington,594,0.145
2020-1-18,Milwaukee,953,0.204
2020-1-18,Fresno,4100,0.91
2020-1-18,Sacramento,2788,0.391
2020-1-18,Atlanta,686,0.123
2020-1-18,Kansas City,399,0.11
2020-1-18,Oakland,2025,0.24
2020-1-18,Cleveland,853,0.139
2020-1-18,Bakersfield,3701,0.947
2020-1-18,Honolulu,777,0.172
2020-1-18,Boise,358,0.141
2020-1-25,Los Angeles,11635,0.227
2020-1-25,New York City,14484,0.362
2020-1-25,Chicago,3827,0.147
2020-1-25,San Diego,2951,0.186
2020-1-25,Las Vegas,1773,0.157
2020-1-25,Seattle,1616,0.125
2020-1-25,San Jose,1344,0.128
2020-1-25,Philadelphia,1676,0.232
2020-1-25,Columbus,470,0.0674
2020-1-25,Indianapolis,420,0.0852
2020-1-25,San Francisco,837,0.144
2020-1-25,Louisville,548,0.136
2020-1-25,Washington,534,0.13
2020-1-25,Milwaukee,826,0.177
2020-1-25,Fresno,2882,0.639
2020-1-25,Sacramento,1960,0.275
2020-1-25,Atlanta,442,0.0794
2020-1-25,Kansas City,434,0.119
2020-1-25,Oakland,1424,0.169
2020-1-25,Cleveland,732,0.119
2020-1-25,Bakersfield,2602,0.666
2020-1-25,Honolulu,650,0.144
2020-1-25,Boise,231,0.0909
2020-2-1,Los Angeles,11090,0.217
2020-2-1,New York City,15952,0.399
2020-2-1,Chicago,3663,0.141
2020-2-1,Phoenix,1319,0.0571
2020-2-1,San Diego,2813,0.177
2020-2-1,Las Vegas,1949,0.172
2020-2-1,Seattle,1408,0.109
2020-2-1,San Jose,1281,0.122
2020-2-1,Philadelphia,1994,0.276
2020-2-1,Columbus,552,0.0791
2020-2-1,Indianapolis,416,0.0844
2020-2-1,San Francisco,798,0.137
2020-2-1,Louisville,559,0.139
2020-2-1,Washington,539,0.131
2020-2-1,Milwaukee,894,0.191
2020-2-1,Tucson,277,0.0555
2020-2-1,Fresno,2747,0.609
2020-2-1,Sacramento,1868,0.262
2020-2-1,Atlanta,437,0.0785
2020-2-1,Kansas City,384,0.106
2020-2-1,Oakland,1357,0.161
2020-2-1,Cleveland,721,0.117
2020-2-1,Bakersfield,2480,0.634
2020-2-1,Honolulu,750,0.166
2020-2-1,Boise,279,0.11
2020-2-8,Los Angeles,10890,0.213
2020-2-8,New York City,13946,0.349
2020-2-8,Chicago,3324,0.128
2020-2-8,Phoenix,1312,0.0568
2020-2-8,San Diego,2604,0.164
2020-2-8,Las Vegas,2445,0.216
2020-2-8,Seattle,1644,0.127
2020-2-8,San Jose,1235,0.117
2020-2-8,Philadelphia,1580,0.219
2020-2-8,Columbus,492,0.0705
2020-2-8,Indianapolis,410,0.0832
2020-2-8,San Francisco,831,0.143
2020-2-8,Louisville,529,0.131
2020-2-8,Washington,508,0.124
2020-2-8,Milwaukee,942,0.202
2020-2-8,Tucson,260,0.0521
2020-2-8,Fresno,1984,0.44
2020-2-8,Sacramento,1569,0.22
2020-2-8,Atlanta,551,0.0989
2020-2-8,Kansas City,311,0.0855
2020-2-8,Oakland,1291,0.153
2020-2-8,Cleveland,682,0.111
2020-2-8,Bakersfield,1835,0.469
2020-2-8,Honolulu,736,0.163
2020-2-8,Boise,234,0.092
2020-2-15,Los Angeles,11714,0.229
2020-2-15,New York City,13317,0.333
2020-2-15,Chicago,2731,0.105
2020-2-15,Phoenix,1279,0.0554
2020-2-15,San Diego,2801,0.176
2020-2-15,Las Vegas,2297,0.203
2020-2-15,Seattle,1490,0.115
2020-2-15,San Jose,1329,0.126
2020-2-15,Philadelphia,1488,0.206
2020-2-15,Columbus,456,0.0654
2020-2-15,Indianapolis,382,0.0775
2020-2-15,San Francisco,894,0.153
2020-2-15,Louisville,507,0.126
2020-2-15,Washington,473,0.115
2020-2-15,Milwaukee,810,0.173
2020-2-15,Tucson,226,0.0453
2020-2-15,Fresno,2134,0.473
2020-2-15,Sacramento,1687,0.237
2020-2-15,Atlanta,620,0.111
2020-2-15,Kansas City,281,0.0773
2020-2-15,Oakland,1389,0.164
2020-2-15,Cleveland,645,0.105
2020-2-15,Bakersfield,1973,0.505
2020-2-15,Honolulu,804,0.178
2020-2-15,Boise,209,0.0822
2020-2-22,Los Angeles,9431,0.184
2020-2-22,New York City,13141,0.329
2020-2-22,Chicago,4009,0.155
2020-2-22,Phoenix,1074,0.0465
2020-2-22,San Diego,2255,0.142
2020-2-22,Las Vegas,1810,0.16
2020-2-22,Seattle,1357,0.105
2020-2-22,San Jose,1070,0.102
2020-2-22,Philadelphia,1383,0.192
2020-2-22,Columbus,441,0.0632
2020-2-22,Indianapolis,348,0.0706
2020-2-22,San Francisco,720,0.123
2020-2-22,Louisville,452,0.112
2020-2-22,Washington,422,0.103
2020-2-22,Milwaukee,802,0.172
2020-2-22,Tucson,226,0.0453
2020-2-22,Fresno,1718,0.381
2020-2-22,Sacramento,1358,0.191
2020-2-22,Atlanta,497,0.0892
2020-2-22,Kansas City,302,0.0831
2020-2-22,Oakland,1118,0.132
2020-2-22,Cleveland,528,0.0859
2020-2-22,Bakersfield,1589,0.406
2020-2-22,Honolulu,672,0.149
2020-2-22,Boise,143,0.0562
2020-2-29,Los Angeles,11237,0.219
2020-2-29,New York City,28996,0.726
2020-2-29,Chicago,3048,0.117
2020-2-29,Phoenix,1003,0.0434
2020-2-29,San Diego,2687,0.169
2020-2-29,Las Vegas,2139,0.189
2020-2-29,Seattle,1400,0.108
2020-2-29,San Jose,1275,0.121
2020-2-29,Philadelphia,1319,0.183
2020-2-29,Columbus,415,0.0595
2020-2-29,Indianapolis,324,0.0657
2020-2-29,San Francisco,858,0.147
2020-2-29,Louisville,401,0.0995
2020-2-29,Washington,452,0.11
2020-2-29,Milwaukee,914,0.196
2020-2-29,Tucson,218,0.0437
2020-2-29,Fresno,2047,0.454
2020-2-29,Sacramento,1619,0.227
2020-2-29,Atlanta,547,0.0982
2020-2-29,Kansas City,286,0.0787
2020-2-29,Oakland,1332,0.158
2020-2-29,Cleveland,608,0.0989
2020-2-29,Bakersfield,1893,0.484
2020-2-29,Honolulu,710,0.158
2020-2-29,Boise,132,0.0519
2020-3-7,Los Angeles,8820,0.172
2020-3-7,New York City,2595,0.0644
2020-3-7,Chicago,3027,0.117
2020-3-7,Phoenix,1090,0.0472
2020-3-7,San Diego,2937,0.185
2020-3-7,Las Vegas,2106,0.186
2020-3-7,Seattle,1837,0.142
2020-3-7,San Jose,1440,0.137
2020-3-7,Philadelphia,667,0.0924
2020-3-7,Columbus,502,0.072
2020-3-7,Indianapolis,298,0.0605
2020-3-7,San Francisco,849,0.146
2020-3-7,Baltimore,378,0.13
2020-3-7,Louisville,111,0.0277
2020-3-7,Denver,273,0.0648
2020-3-7,Washington,471,0.115
2020-3-7,Milwaukee,751,0.161
2020-3-7,Tucson,260,0.0521
2020-3-7,Fresno,646,0.143
2020-3-7,Sacramento,1234,0.173
2020-3-7,Atlanta,369,0.0662
2020-3-7,Kansas City,296,0.0814
2020-3-7,Oakland,1360,0.161
2020-3-7,Cleveland,661,0.108
2020-3-7,Bakersfield,526,0.135
2020-3-7,Honolulu,866,0.192
2020-3-7,Boise,123,0.0484
2020-3-7,Colorado Springs,269,0.0785
2020-3-14,Los Angeles,11711,0.229
2020-3-14,New York City,2639,0.0655
2020-3-14,Chicago,3922,0.151
2020-3-14,Phoenix,1266,0.0548
2020-3-14,San Diego,3900,0.245
2020-3-14,Las Vegas,6070,0.536
2020-3-14,Seattle,5834,0.452
2020-3-14,San Jose,1911,0.181
2020-3-14,Philadelphia,842,0.117
2020-3-14,Columbus,674,0.0966
2020-3-14,Indianapolis,425,0.0862
2020-3-14,San Francisco,1127,0.193
2020-3-14,Baltimore,746,0.257
2020-3-14,Louisville,126,0.0313
2020-3-14,Denver,611,0.145
2020-3-14,Washington,1213,0.296
2020-3-14,Milwaukee,836,0.179
2020-3-14,Tucson,259,0.0519
2020-3-14,Fresno,858,0.19
2020-3-14,Sacramento,1638,0.23
2020-3-14,Atlanta,440,0.0789
2020-3-14,Kansas City,456,0.125
2020-3-14,Oakland,1806,0.214
2020-3-14,Cleveland,919,0.15
2020-3-14,Bakersfield,698,0.179
2020-3-14,Honolulu,1108,0.246
2020-3-14,Boise,174,0.0684
2020-3-14,Colorado Springs,328,0.0957
2020-3-21,Los Angeles,37882,0.74
2020-3-21,New York City,14792,0.367
2020-3-21,Chicago,43959,1.69
2020-3-21,Phoenix,13342,0.577
2020-3-21,San Diego,12614,0.793
2020-3-21,Las Vegas,78983,6.98
2020-3-21,Seattle,37296,2.89
2020-3-21,San Jose,6183,0.587
2020-3-21,Philadelphia,19803,2.74
2020-3-21,Columbus,23527,3.37
2020-3-21,Indianapolis,10173,2.06
2020-3-21,San Francisco,3646,0.625
2020-3-21,Baltimore,5392,1.85
2020-3-21,Louisville,2217,0.551
2020-3-21,Denver,4841,1.15
2020-3-21,Washington,14462,3.53
2020-3-21,Milwaukee,9665,2.07
2020-3-21,Tucson,2966,0.595
2020-3-21,Fresno,2774,0.615
2020-3-21,Sacramento,5299,0.744
2020-3-21,Atlanta,980,0.176
2020-3-21,Kansas City,6111,1.68
2020-3-21,Omaha,6628,2.21
2020-3-21,Oakland,5840,0.692
2020-3-21,Cleveland,24883,4.05
2020-3-21,Bakersfield,2259,0.578
2020-3-21,Honolulu,4837,1.07
2020-3-21,Boise,4095,1.61
2020-3-21,Colorado Springs,2869,0.837
2020-3-28,Los Angeles,215160,4.2
2020-3-28,New York City,67784,1.68
2020-3-28,Chicago,64378,2.48
2020-3-28,Phoenix,37486,1.62
2020-3-28,San Diego,71645,4.5
2020-3-28,Las Vegas,58935,5.21
2020-3-28,Seattle,44613,3.46
2020-3-28,San Jose,35115,3.33
2020-3-28,Philadelphia,13037,1.81
2020-3-28,Columbus,23295,3.34
2020-3-28,Indianapolis,13546,2.75
2020-3-28,San Francisco,20707,3.55
2020-3-28,Baltimore,8685,2.99
2020-3-28,Louisville,5116,1.27
2020-3-28,Denver,12576,2.98
2020-3-28,Washington,15869,3.87
2020-3-28,Milwaukee,16417,3.52
2020-3-28,Tucson,7262,1.46
2020-3-28,Fresno,15754,3.5
2020-3-28,Sacramento,30095,4.22
2020-3-28,Atlanta,10806,1.94
2020-3-28,Kansas City,10139,2.79
2020-3-28,Omaha,7980,2.66
2020-3-28,Oakland,33172,3.93
2020-3-28,Cleveland,25773,4.19
2020-3-28,Bakersfield,12832,3.28
2020-3-28,Honolulu,27020,6
2020-3-28,Boise,6918,2.72
2020-3-28,Colorado Springs,9801,2.86
2020-4-4,Los Angeles,186797,3.65
2020-4-4,New York City,147658,3.66
2020-4-4,Chicago,70130,2.7
2020-4-4,Phoenix,48037,2.08
2020-4-4,San Diego,62201,3.91
2020-4-4,Las Vegas,64889,5.73
2020-4-4,Seattle,47233,3.66
2020-4-4,San Jose,30486,2.89
2020-4-4,Philadelphia,18536,2.57
2020-4-4,Columbus,23327,3.34
2020-4-4,Indianapolis,13603,2.76
2020-4-4,San Francisco,17977,3.08
2020-4-4,Baltimore,10691,3.68
2020-4-4,Louisville,5317,1.32
2020-4-4,Denver,11606,2.75
2020-4-4,Washington,15329,3.74
2020-4-4,Milwaukee,15288,3.27
2020-4-4,Tucson,10203,2.05
2020-4-4,Fresno,13678,3.03
2020-4-4,Sacramento,26128,3.67
2020-4-4,Atlanta,31502,5.66
2020-4-4,Kansas City,9053,2.49
2020-4-4,Omaha,8795,2.94
2020-4-4,Oakland,28799,3.41
2020-4-4,Cleveland,22968,3.74
2020-4-4,Bakersfield,11141,2.85
2020-4-4,Honolulu,30958,6.87
2020-4-4,Boise,5059,1.99
2020-4-4,Colorado Springs,8444,2.46
2020-4-11,Los Angeles,246235,4.81
2020-4-11,New York City,184525,4.57
2020-4-11,Chicago,73839,2.85
2020-4-11,Phoenix,32365,1.4
2020-4-11,San Diego,73319,4.61
2020-4-11,Las Vegas,47949,4.24
2020-4-11,Seattle,39796,3.08
2020-4-11,San Jose,36111,3.43
2020-4-11,Philadelphia,13615,1.89
2020-4-11,Columbus,17688,2.54
2020-4-11,Indianapolis,15285,3.1
2020-4-11,San Francisco,20660,3.54
2020-4-11,Baltimore,6150,2.12
2020-4-11,Louisville,5755,1.43
2020-4-11,Denver,8229,1.95
2020-4-11,Washington,9974,2.43
2020-4-11,Milwaukee,10451,2.24
2020-4-11,Tucson,6800,1.36
2020-4-11,Fresno,16260,3.61
2020-4-11,Sacramento,30627,4.3
2020-4-11,Atlanta,53931,9.68
2020-4-11,Kansas City,10604,2.92
2020-4-11,Omaha,5101,1.7
2020-4-11,Oakland,35902,4.25
2020-4-11,Cleveland,15154,2.47
2020-4-11,Bakersfield,14631,3.74
2020-4-11,Honolulu,21548,4.78
2020-4-11,Boise,2740,1.08
2020-4-11,Colorado Springs,5737,1.67
2020-4-18,Los Angeles,198484,3.88
2020-4-18,New York City,103165,2.57
2020-4-18,Chicago,62410,2.41
2020-4-18,Phoenix,23169,1
2020-4-18,San Diego,59101,3.72
2020-4-18,Las Vegas,31495,2.78
2020-4-18,Seattle,24461,1.9
2020-4-18,San Jose,29108,2.76
2020-4-18,Philadelphia,8188,1.13
2020-4-18,Columbus,12284,1.76
2020-4-18,Indianapolis,10510,2.13
2020-4-18,San Francisco,16654,2.86
2020-4-18,Baltimore,4894,1.68
2020-4-18,Louisville,5147,1.28
2020-4-18,Denver,5771,1.37
2020-4-18,Washington,8639,2.11
2020-4-18,Milwaukee,9093,1.95
2020-4-18,Tucson,4871,0.977
2020-4-18,Fresno,13107,2.91
2020-4-18,Sacramento,24688,3.47
2020-4-18,Atlanta,41683,7.48
2020-4-18,Kansas City,5926,1.63
2020-4-18,Omaha,3342,1.12
2020-4-18,Oakland,28940,3.43
2020-4-18,Cleveland,10728,1.75
2020-4-18,Bakersfield,11794,3.02
2020-4-18,Honolulu,16790,3.73
2020-4-18,Boise,1870,0.736
2020-4-18,Colorado Springs,4034,1.18
2020-4-25,Los Angeles,122218,2.39
2020-4-25,New York City,109028,2.71
2020-4-25,Chicago,53141,2.05
2020-4-25,Phoenix,15962,0.691
2020-4-25,San Diego,36392,2.29
2020-4-25,Las Vegas,35896,3.17
2020-4-25,Seattle,40088,3.11
2020-4-25,San Jose,17924,1.7
2020-4-25,Philadelphia,5524,0.765
2020-4-25,Columbus,10389,1.49
2020-4-25,Indianapolis,8493,1.72
2020-4-25,San Francisco,10255,1.76
2020-4-25,Baltimore,3778,1.3
2020-4-25,Louisville,4515,1.12
2020-4-25,Denver,5521,1.31
2020-4-25,Washington,8708,2.12
2020-4-25,Milwaukee,8919,1.91
2020-4-25,Tucson,3447,0.691
2020-4-25,Fresno,8071,1.79
2020-4-25,Sacramento,15202,2.13
2020-4-25,Atlanta,44984,8.08
2020-4-25,Kansas City,5800,1.6
2020-4-25,Omaha,2535,0.846
2020-4-25,Oakland,17820,2.11
2020-4-25,Cleveland,9887,1.61
2020-4-25,Bakersfield,7262,1.86
2020-4-25,Honolulu,14327,3.18
2020-4-25,Boise,1187,0.467
2020-4-25,Colorado Springs,3436,1
2020-5-2,Los Angeles,118805,2.32
2020-5-2,New York City,97794,2.43
2020-5-2,Chicago,39061,1.51
2020-5-2,Phoenix,13115,0.568
2020-5-2,San Diego,35376,2.22
2020-5-2,Las Vegas,24710,2.18
2020-5-2,Seattle,31550,2.44
2020-5-2,San Jose,17423,1.65
2020-5-2,Philadelphia,4788,0.663
2020-5-2,Columbus,6759,0.969
2020-5-2,Indianapolis,7596,1.54
2020-5-2,San Francisco,9968,1.71
2020-5-2,Baltimore,9447,3.25
2020-5-2,Louisville,4080,1.01
2020-5-2,Denver,4328,1.03
2020-5-2,Washington,8113,1.98
2020-5-2,Milwaukee,6745,1.44
2020-5-2,Tucson,2553,0.512
2020-5-2,Fresno,7845,1.74
2020-5-2,Sacramento,14777,2.07
2020-5-2,Atlanta,38536,6.92
2020-5-2,Kansas City,5440,1.5
2020-5-2,Omaha,1846,0.616
2020-5-2,Oakland,17322,2.05
2020-5-2,Cleveland,6912,1.12
2020-5-2,Bakersfield,7059,1.81
2020-5-2,Honolulu,9559,2.12
2020-5-2,Boise,1159,0.456
2020-5-2,Colorado Springs,2485,0.725
2020-5-9,Los Angeles,60781,1.19
2020-5-9,New York City,99493,2.48
2020-5-9,Chicago,30834,1.19
2020-5-9,Phoenix,9801,0.424
2020-5-9,San Diego,18442,1.16
2020-5-9,Las Vegas,19387,1.71
2020-5-9,Seattle,37701,2.92
2020-5-9,San Jose,8801,0.835
2020-5-9,Philadelphia,5332,0.738
2020-5-9,Columbus,5490,0.787
2020-5-9,Indianapolis,5377,1.09
2020-5-9,San Francisco,4503,0.772
2020-5-9,Baltimore,6538,2.25
2020-5-9,Louisville,9669,2.4
2020-5-9,Denver,3263,0.774
2020-5-9,Washington,5782,1.41
2020-5-9,Milwaukee,6574,1.41
2020-5-9,Tucson,2058,0.413
2020-5-9,Fresno,6427,1.43
2020-5-9,Sacramento,8335,1.17
2020-5-9,Atlanta,31486,5.65
2020-5-9,Kansas City,3254,0.895
2020-5-9,Omaha,1906,0.636
2020-5-9,Oakland,8641,1.02
2020-5-9,Cleveland,5649,0.919
2020-5-9,Bakersfield,5603,1.43
2020-5-9,Honolulu,7969,1.77
2020-5-9,Boise,928,0.365
2020-5-9,Colorado Springs,1868,0.545
2020-5-16,Los Angeles,69859,1.36
2020-5-16,New York City,116871,2.91
2020-5-16,Chicago,30880,1.19
2020-5-16,Phoenix,8043,0.348
2020-5-16,San Diego,21197,1.33
2020-5-16,Las Vegas,16440,1.45
2020-5-16,Seattle,47136,3.65
2020-5-16,San Jose,10115,0.96
2020-5-16,Philadelphia,3448,0.478
2020-5-16,Columbus,5069,0.727
2020-5-16,Indianapolis,5844,1.19
2020-5-16,San Francisco,5176,0.888
2020-5-16,Baltimore,5675,1.95
2020-5-16,Louisville,6595,1.64
2020-5-16,Denver,2644,0.628
2020-5-16,Washington,5196,1.27
2020-5-16,Milwaukee,5965,1.28
2020-5-16,Tucson,1589,0.319
2020-5-16,Fresno,7387,1.64
2020-5-16,Sacramento,9580,1.34
2020-5-16,Atlanta,23051,4.14
2020-5-16,Kansas City,2817,0.775
2020-5-16,Omaha,1798,0.6
2020-5-16,Oakland,9932,1.18
2020-5-16,Cleveland,5277,0.859
2020-5-16,Bakersfield,6440,1.65
2020-5-16,Honolulu,7014,1.56
2020-5-16,Boise,757,0.298
2020-5-16,Colorado Springs,1749,0.51
2020-5-23,Los Angeles,58093,1.13
2020-5-23,New York City,97872,2.44
2020-5-23,Chicago,24721,0.953
2020-5-23,Phoenix,7380,0.319
2020-5-23,San Diego,17627,1.11
2020-5-23,Las Vegas,14817,1.31
2020-5-23,Seattle,14371,1.11
2020-5-23,San Jose,8412,0.798
2020-5-23,Philadelphia,4572,0.633
2020-5-23,Columbus,4788,0.686
2020-5-23,Indianapolis,5240,1.06
2020-5-23,San Francisco,4304,0.738
2020-5-23,Baltimore,5745,1.98
2020-5-23,Louisville,7490,1.86
2020-5-23,Denver,2186,0.519
2020-5-23,Washington,5135,1.25
2020-5-23,Milwaukee,5827,1.25
2020-5-23,Tucson,1589,0.319
2020-5-23,Fresno,6143,1.36
2020-5-23,Sacramento,7967,1.12
2020-5-23,Atlanta,21464,3.85
2020-5-23,Kansas City,2438,0.671
2020-5-23,Omaha,1831,0.611
2020-5-23,Oakland,8259,0.978
2020-5-23,Cleveland,5013,0.816
2020-5-23,Bakersfield,5356,1.37
2020-5-23,Honolulu,5851,1.3
2020-5-23,Boise,719,0.283
2020-5-23,Colorado Springs,1526,0.445
2020-5-30,Los Angeles,65344,1.28
2020-5-30,New York City,43703,1.1
2020-5-30,Chicago,19681,0.758
2020-5-30,Phoenix,6447,0.279
2020-5-30,San Diego,19827,1.25
2020-5-30,Las Vegas,11571,1.02
2020-5-30,Seattle,8974,0.695
2020-5-30,San Jose,9462,0.898
2020-5-30,Philadelphia,3736,0.517
2020-5-30,Columbus,4071,0.584
2020-5-30,Indianapolis,4572,0.927
2020-5-30,San Francisco,4842,0.83
2020-5-30,Baltimore,5345,1.84
2020-5-30,Louisville,5995,1.49
2020-5-30,Denver,1730,0.411
2020-5-30,Washington,3559,0.868
2020-5-30,Milwaukee,4739,1.01
2020-5-30,Tucson,1346,0.27
2020-5-30,Fresno,6910,1.53
2020-5-30,Sacramento,8961,1.26
2020-5-30,Atlanta,19346,3.47
2020-5-30,Kansas City,2107,0.58
2020-5-30,Omaha,1715,0.572
2020-5-30,Oakland,9290,1.1
2020-5-30,Cleveland,4087,0.665
2020-5-30,Bakersfield,6024,1.54
2020-5-30,Honolulu,4830,1.07
2020-5-30,Boise,575,0.226
2020-5-30,Colorado Springs,1307,0.381
2020-6-6,Los Angeles,73119,1.43
2020-6-6,New York City,48362,1.21
2020-6-6,Chicago,18926,0.729
2020-6-6,Phoenix,6863,0.297
2020-6-6,San Diego,22186,1.39
2020-6-6,Las Vegas,10816,0.956
2020-6-6,Seattle,8725,0.676
2020-6-6,San Jose,10587,1
2020-6-6,Philadelphia,4270,0.591
2020-6-6,Columbus,4074,0.584
2020-6-6,Indianapolis,4650,0.943
2020-6-6,San Francisco,5418,0.929
2020-6-6,Baltimore,7240,2.49
2020-6-6,Louisville,5677,1.41
2020-6-6,Denver,1961,0.465
2020-6-6,Washington,3385,0.826
2020-6-6,Milwaukee,4697,1.01
2020-6-6,Tucson,1444,0.29
2020-6-6,Fresno,7732,1.72
2020-6-6,Sacramento,10027,1.41
2020-6-6,Atlanta,17542,3.15
2020-6-6,Kansas City,2093,0.576
2020-6-6,Omaha,1510,0.504
2020-6-6,Oakland,10395,1.23
2020-6-6,Cleveland,4834,0.787
2020-6-6,Bakersfield,6741,1.72
2020-6-6,Honolulu,4683,1.04
2020-6-6,Boise,572,0.225
2020-6-6,Colorado Springs,1557,0.454
2020-6-13,Los Angeles,80581,1.57
2020-6-13,New York City,50013,1.25
2020-6-13,Chicago,23794,0.917
2020-6-13,Phoenix,6606,0.286
2020-6-13,San Diego,24026,1.51
2020-6-13,Las Vegas,11680,1.03
2020-6-13,Seattle,8753,0.678
2020-6-13,San Jose,10605,1.01
2020-6-13,Philadelphia,5251,0.727
2020-6-13,Columbus,3937,0.564
2020-6-13,Indianapolis,5308,1.08
2020-6-13,San Francisco,5483,0.94
2020-6-13,Baltimore,9424,3.24
2020-6-13,Louisville,12191,3.03
2020-6-13,Denver,1615,0.383
2020-6-13,Washington,3065,0.748
2020-6-13,Milwaukee,4934,1.06
2020-6-13,Tucson,1272,0.255
2020-6-13,Fresno,8395,1.86
2020-6-13,Sacramento,10822,1.52
2020-6-13,Atlanta,23795,4.27
2020-6-13,Kansas City,2089,0.575
2020-6-13,Omaha,1570,0.524
2020-6-13,Oakland,10557,1.25
2020-6-13,Cleveland,4838,0.787
2020-6-13,Bakersfield,8079,2.07
2020-6-13,Honolulu,4555,1.01
2020-6-13,Boise,570,0.224
2020-6-13,Colorado Springs,1052,0.307
2020-6-20,Los Angeles,94957,1.85
2020-6-20,New York City,44785,1.12
2020-6-20,Chicago,24636,0.949
2020-6-20,Phoenix,7542,0.326
2020-6-20,San Diego,28312,1.78
2020-6-20,Las Vegas,10861,0.96
2020-6-20,Seattle,8752,0.678
2020-6-20,San Jose,12497,1.19
2020-6-20,Philadelphia,4509,0.624
2020-6-20,Columbus,3955,0.567
2020-6-20,Indianapolis,6507,1.32
2020-6-20,San Francisco,6461,1.11
2020-6-20,Baltimore,6094,2.1
2020-6-20,Louisville,8045,2
2020-6-20,Denver,1549,0.368
2020-6-20,Washington,3073,0.75
2020-6-20,Milwaukee,4759,1.02
2020-6-20,Tucson,1481,0.297
2020-6-20,Fresno,9893,2.19
2020-6-20,Sacramento,12753,1.79
2020-6-20,Atlanta,22665,4.07
2020-6-20,Kansas City,1966,0.541
2020-6-20,Omaha,1428,0.477
2020-6-20,Oakland,12440,1.47
2020-6-20,Cleveland,5057,0.823
2020-6-20,Bakersfield,9520,2.43
2020-6-20,Honolulu,4352,0.966
2020-6-20,Boise,725,0.285
2020-6-20,Colorado Springs,1042,0.304
2020-6-27,Los Angeles,92576,1.81
2020-6-27,New York City,43868,1.1
2020-6-27,Chicago,24357,0.939
2020-6-27,Phoenix,7175,0.311
2020-6-27,San Diego,27602,1.74
2020-6-27,Las Vegas,10979,0.97
2020-6-27,Seattle,9179,0.711
2020-6-27,San Jose,12184,1.16
2020-6-27,Philadelphia,4793,0.664
2020-6-27,Columbus,3983,0.571
2020-6-27,Indianapolis,11115,2.25
2020-6-27,San Francisco,6299,1.08
2020-6-27,Baltimore,5677,1.95
2020-6-27,Louisville,9921,2.46
2020-6-27,Denver,1393,0.331
2020-6-27,Washington,3132,0.764
2020-6-27,Milwaukee,4537,0.972
2020-6-27,Tucson,1451,0.291
2020-6-27,Fresno,9645,2.14
2020-6-27,Sacramento,12433,1.75
2020-6-27,Atlanta,21179,3.8
2020-6-27,Kansas City,2252,0.619
2020-6-27,Omaha,1347,0.45
2020-6-27,Oakland,12128,1.44
2020-6-27,Cleveland,4992,0.812
2020-6-27,Bakersfield,9281,2.37
2020-6-27,Honolulu,5090,1.13
2020-6-27,Boise,1001,0.394
2020-6-27,Colorado Springs,978,0.285
2020-7-4,Los Angeles,88380,1.73
2020-7-4,New York City,48261,1.22
2020-7-4,Chicago,20771,0.8
2020-7-4,Phoenix,6645,0.288
2020-7-4,San Diego,26351,1.66
2020-7-4,Las Vegas,11386,1.01
2020-7-4,Seattle,7945,0.616
2020-7-4,San Jose,11631,1.1
2020-7-4,Philadelphia,3905,0.541
2020-7-4,Columbus,3554,0.509
2020-7-4,Indianapolis,4633,0.94
2020-7-4,San Francisco,6013,1.03
2020-7-4,Baltimore,6243,2.15
2020-7-4,Louisville,7538,1.87
2020-7-4,Denver,1595,0.379
2020-7-4,Washington,2858,0.697
2020-7-4,Milwaukee,5270,1.13
2020-7-4,Tucson,1453,0.291
2020-7-4,Fresno,9208,2.04
2020-7-4,Sacramento,11870,1.67
2020-7-4,Atlanta,18957,3.4
2020-7-4,Kansas City,2123,0.584
2020-7-4,Omaha,1779,0.594
2020-7-4,Oakland,11579,1.37
2020-7-4,Cleveland,4237,0.689
2020-7-4,Bakersfield,8860,2.27
2020-7-4,Honolulu,4810,1.07
2020-7-4,Boise,950,0.374
2020-7-4,Colorado Springs,1026,0.299
2020-7-11,Los Angeles,107510,2.1
2020-7-11,New York City,46256,1.16
2020-7-11,Chicago,18995,0.732
2020-7-11,Phoenix,7406,0.321
2020-7-11,San Diego,31155,1.96
2020-7-11,Las Vegas,12290,1.09
2020-7-11,Seattle,11375,0.881
2020-7-11,San Jose,12994,1.23
2020-7-11,Philadelphia,4107,0.569
2020-7-11,Columbus,3787,0.543
2020-7-11,Indianapolis,.,.
2020-7-11,San Francisco,6987,1.2
2020-7-11,Baltimore,7342,2.53
2020-7-11,Louisville,6454,1.6
2020-7-11,Denver,1494,0.355
2020-7-11,Washington,3300,0.805
2020-7-11,Milwaukee,6166,1.32
2020-7-11,Tucson,1530,0.307
2020-7-11,Fresno,11320,2.51
2020-7-11,Sacramento,15288,2.15
2020-7-11,Atlanta,24965,4.48
2020-7-11,Kansas City,5889,1.62
2020-7-11,Omaha,3088,1.03
2020-7-11,Oakland,13403,1.59
2020-7-11,Cleveland,4332,0.705
2020-7-11,Bakersfield,10455,2.67
2020-7-11,Honolulu,4667,1.04
2020-7-11,Boise,860,0.338
2020-7-11,Colorado Springs,1032,0.301
2020-7-18,Los Angeles,109276,2.13
2020-7-18,New York City,46205,1.16
2020-7-18,Chicago,18089,0.697
2020-7-18,Phoenix,5558,0.241
2020-7-18,San Diego,31666,1.99
2020-7-18,Las Vegas,12192,1.08
2020-7-18,Seattle,8207,0.636
2020-7-18,San Jose,13207,1.25
2020-7-18,Philadelphia,3552,0.492
2020-7-18,Columbus,3310,0.474
2020-7-18,Indianapolis,5322,1.08
2020-7-18,San Francisco,7102,1.22
2020-7-18,Baltimore,6068,2.09
2020-7-18,Louisville,6439,1.6
2020-7-18,Denver,1296,0.308
2020-7-18,Washington,3053,0.745
2020-7-18,Milwaukee,6533,1.4
2020-7-18,Tucson,1245,0.25
2020-7-18,Fresno,11506,2.55
2020-7-18,Sacramento,15539,2.18
2020-7-18,Atlanta,22055,3.96
2020-7-18,Kansas City,8210,2.26
2020-7-18,Omaha,1365,0.456
2020-7-18,Oakland,13623,1.61
2020-7-18,Cleveland,4034,0.656
2020-7-18,Bakersfield,10627,2.72
2020-7-18,Honolulu,4908,1.09
2020-7-18,Boise,760,0.299
2020-7-18,Colorado Springs,982,0.287
2020-7-25,Los Angeles,92318,1.8
2020-7-25,New York City,46185,1.17
2020-7-25,Chicago,16497,0.636
2020-7-25,Phoenix,4679,0.203
2020-7-25,San Diego,26752,1.68
2020-7-25,Las Vegas,11419,1.01
2020-7-25,Seattle,7818,0.606
2020-7-25,San Jose,11158,1.06
2020-7-25,Philadelphia,3097,0.429
2020-7-25,Columbus,3003,0.43
2020-7-25,Indianapolis,6338,1.29
2020-7-25,San Francisco,6000,1.03
2020-7-25,Baltimore,3722,1.28
2020-7-25,Louisville,5533,1.37
2020-7-25,Denver,1246,0.296
2020-7-25,Washington,2712,0.662
2020-7-25,Milwaukee,5564,1.19
2020-7-25,Tucson,916,0.184
2020-7-25,Fresno,9721,2.16
2020-7-25,Sacramento,13127,1.84
2020-7-25,Atlanta,15324,2.75
2020-7-25,Kansas City,2925,0.805
2020-7-25,Omaha,1215,0.406
2020-7-25,Oakland,11509,1.36
2020-7-25,Cleveland,3613,0.588
2020-7-25,Bakersfield,8978,2.3
2020-7-25,Honolulu,3733,0.829
2020-7-25,Boise,585,0.23
2020-7-25,Colorado Springs,1066,0.311
2020-8-1,Los Angeles,83786,1.64
2020-8-1,New York City,39359,0.993
2020-8-1,Chicago,12548,0.484
2020-8-1,Phoenix,3988,0.173
2020-8-1,San Diego,24280,1.53
2020-8-1,Las Vegas,9057,0.8
2020-8-1,Seattle,6676,0.517
2020-8-1,San Jose,10127,0.961
2020-8-1,Philadelphia,3100,0.429
2020-8-1,Columbus,2935,0.421
2020-8-1,Indianapolis,2925,0.593
2020-8-1,San Francisco,5445,0.934
2020-8-1,Baltimore,2729,0.939
2020-8-1,Louisville,5527,1.37
2020-8-1,Denver,1048,0.249
2020-8-1,Washington,2250,0.549
2020-8-1,Milwaukee,4656,0.997
2020-8-1,Tucson,876,0.176
2020-8-1,Fresno,8822,1.96
2020-8-1,Sacramento,11914,1.67
2020-8-1,Atlanta,13331,2.39
2020-8-1,Kansas City,1251,0.344
2020-8-1,Omaha,1043,0.348
2020-8-1,Oakland,10445,1.24
2020-8-1,Cleveland,3243,0.528
2020-8-1,Bakersfield,8148,2.08
2020-8-1,Honolulu,3166,0.703
2020-8-1,Boise,476,0.187
2020-8-1,Colorado Springs,891,0.26
2020-8-8,Los Angeles,62648,1.22
2020-8-8,New York City,28447,0.719
2020-8-8,Chicago,8495,0.327
2020-8-8,Phoenix,3120,0.135
2020-8-8,San Diego,16810,1.06
2020-8-8,Las Vegas,9700,0.857
2020-8-8,Seattle,6002,0.465
2020-8-8,San Jose,7551,0.717
2020-8-8,Philadelphia,2674,0.37
2020-8-8,Columbus,2272,0.326
2020-8-8,Indianapolis,2193,0.445
2020-8-8,San Francisco,4103,0.704
2020-8-8,Baltimore,2074,0.713
2020-8-8,Denver,994,0.236
2020-8-8,Washington,1797,0.438
2020-8-8,Milwaukee,3452,0.739
2020-8-8,Tucson,629,0.126
2020-8-8,Fresno,6079,1.35
2020-8-8,Sacramento,8704,1.22
2020-8-8,Atlanta,8335,1.5
2020-8-8,Kansas City,1080,0.297
2020-8-8,Omaha,981,0.327
2020-8-8,Oakland,8130,0.963
2020-8-8,Cleveland,2727,0.444
2020-8-8,Bakersfield,5863,1.5
2020-8-8,Honolulu,3310,0.735
2020-8-8,Boise,433,0.17
2020-8-8,Colorado Springs,825,0.241
2020-8-15,Los Angeles,58888,1.15
2020-8-15,New York City,33591,0.849
2020-8-15,Chicago,8300,0.32
2020-8-15,Phoenix,3427,0.148
2020-8-15,San Diego,15801,0.993
2020-8-15,Las Vegas,9222,0.815
2020-8-15,Seattle,5860,0.454
2020-8-15,San Jose,7097,0.674
2020-8-15,Philadelphia,2141,0.297
2020-8-15,Columbus,2499,0.358
2020-8-15,Indianapolis,2741,0.556
2020-8-15,San Francisco,3857,0.661
2020-8-15,Baltimore,1848,0.636
2020-8-15,Denver,1121,0.266
2020-8-15,Washington,1979,0.483
2020-8-15,Milwaukee,3468,0.743
2020-8-15,Tucson,711,0.143
2020-8-15,Fresno,5714,1.27
2020-8-15,Sacramento,8182,1.15
2020-8-15,Atlanta,7769,1.39
2020-8-15,Kansas City,1301,0.358
2020-8-15,Omaha,1214,0.405
2020-8-15,Oakland,7642,0.905
2020-8-15,Cleveland,2614,0.425
2020-8-15,Bakersfield,5511,1.41
2020-8-15,Honolulu,3577,0.794
2020-8-15,Boise,498,0.196
2020-8-15,Colorado Springs,863,0.252
2020-8-22,Los Angeles,60918,1.19
2020-8-22,New York City,34045,0.863
2020-8-22,Chicago,9728,0.375
2020-8-22,Phoenix,3331,0.144
2020-8-22,San Diego,16346,1.03
2020-8-22,Las Vegas,7896,0.698
2020-8-22,Seattle,4773,0.37
2020-8-22,San Jose,7342,0.697
2020-8-22,Philadelphia,2951,0.409
2020-8-22,Columbus,2200,0.315
2020-8-22,Indianapolis,2276,0.462
2020-8-22,San Francisco,3990,0.684
2020-8-22,Baltimore,1488,0.512
2020-8-22,Denver,1005,0.239
2020-8-22,Washington,1645,0.401
2020-8-22,Milwaukee,3244,0.695
2020-8-22,Tucson,673,0.135
2020-8-22,Fresno,5911,1.31
2020-8-22,Sacramento,8464,1.19
2020-8-22,Atlanta,7591,1.36
2020-8-22,Kansas City,1098,0.302
2020-8-22,Omaha,1014,0.338
2020-8-22,Oakland,7905,0.936
2020-8-22,Cleveland,2345,0.382
2020-8-22,Bakersfield,5701,1.46
2020-8-22,Honolulu,3741,0.83
2020-8-22,Boise,433,0.17
2020-8-22,Colorado Springs,827,0.241
2020-8-29,Los Angeles,67924,1.33
2020-8-29,New York City,35196,0.894
2020-8-29,Chicago,9703,0.374
2020-8-29,Phoenix,3178,0.138
2020-8-29,San Diego,18226,1.15
2020-8-29,Las Vegas,7355,0.65
2020-8-29,Seattle,4763,0.369
2020-8-29,San Jose,8186,0.777
2020-8-29,Philadelphia,2325,0.322
2020-8-29,Columbus,2123,0.304
2020-8-29,Indianapolis,2177,0.442
2020-8-29,San Francisco,4449,0.763
2020-8-29,Baltimore,1368,0.471
2020-8-29,Denver,861,0.204
2020-8-29,Washington,1468,0.358
2020-8-29,Milwaukee,3075,0.659
2020-8-29,Tucson,649,0.13
2020-8-29,Fresno,6591,1.46
2020-8-29,Sacramento,9437,1.32
2020-8-29,Atlanta,6857,1.23
2020-8-29,Kansas City,1291,0.355
2020-8-29,Omaha,845,0.282
2020-8-29,Oakland,8814,1.04
2020-8-29,Cleveland,2227,0.362
2020-8-29,Bakersfield,6357,1.63
2020-8-29,Honolulu,4716,1.05
2020-8-29,Boise,395,0.155
2020-8-29,Colorado Springs,743,0.217
2020-9-5,Los Angeles,75300,1.47
2020-9-5,New York City,36944,0.939
2020-9-5,Chicago,9438,0.364
2020-9-5,Phoenix,3097,0.134
2020-9-5,San Diego,20205,1.27
2020-9-5,Las Vegas,7290,0.644
2020-9-5,Seattle,5461,0.423
2020-9-5,San Jose,9075,0.861
2020-9-5,Philadelphia,2217,0.307
2020-9-5,Columbus,1940,0.278
2020-9-5,Indianapolis,2515,0.51
2020-9-5,San Francisco,4932,0.846
2020-9-5,Baltimore,1330,0.457
2020-9-5,Denver,865,0.205
2020-9-5,Washington,1493,0.364
2020-9-5,Milwaukee,2991,0.641
2020-9-5,Tucson,708,0.142
2020-9-5,Fresno,7307,1.62
2020-9-5,Sacramento,10462,1.47
2020-9-5,Atlanta,6728,1.21
2020-9-5,Kansas City,1338,0.368
2020-9-5,Omaha,854,0.285
2020-9-5,Oakland,9771,1.16
2020-9-5,Cleveland,2235,0.364
2020-9-5,Bakersfield,7047,1.8
2020-9-5,Honolulu,5394,1.2
2020-9-5,Boise,478,0.188
2020-9-5,Colorado Springs,712,0.208
2020-9-12,New York City,36465,0.926
2020-9-12,Chicago,11813,0.455
2020-9-12,Phoenix,2747,0.119
2020-9-12,Las Vegas,6739,0.596
2020-9-12,Seattle,4987,0.386
2020-9-12,Philadelphia,1784,0.247
2020-9-12,Columbus,1711,0.245
2020-9-12,Indianapolis,2899,0.588
2020-9-12,Baltimore,1744,0.6
2020-9-12,Denver,708,0.168
2020-9-12,Washington,1460,0.356
2020-9-12,Milwaukee,2626,0.562
2020-9-12,Tucson,555,0.111
2020-9-12,Atlanta,6366,1.14
2020-9-12,Kansas City,1005,0.276
2020-9-12,Omaha,1014,0.338
2020-9-12,Cleveland,1951,0.317
2020-9-12,Honolulu,5373,1.19
2020-9-12,Boise,387,0.152
2020-9-12,Colorado Springs,556,0.162
2020-9-19,New York City,41463,1.05
2020-9-19,Chicago,11206,0.432
2020-9-19,Phoenix,2482,0.107
2020-9-19,Las Vegas,6773,0.599
2020-9-19,Seattle,4933,0.382
2020-9-19,Philadelphia,1975,0.274
2020-9-19,Columbus,1826,0.262
2020-9-19,Indianapolis,3080,0.625
2020-9-19,Baltimore,615,0.212
2020-9-19,Denver,807,0.192
2020-9-19,Washington,1549,0.378
2020-9-19,Milwaukee,2628,0.563
2020-9-19,Tucson,481,0.0965
2020-9-19,Atlanta,7476,1.34
2020-9-19,Kansas City,934,0.257
2020-9-19,Omaha,1237,0.413
2020-9-19,Cleveland,2237,0.364
2020-9-19,Honolulu,4650,1.03
2020-9-19,Boise,376,0.148
2020-9-19,Colorado Springs,631,0.184
2020-9-26,New York City,39040,0.993
2020-9-26,Chicago,12679,0.489
2020-9-26,Phoenix,2064,0.0893
2020-9-26,Las Vegas,6201,0.548
2020-9-26,Seattle,4527,0.351
2020-9-26,Philadelphia,2552,0.353
2020-9-26,Columbus,2054,0.294
2020-9-26,Indianapolis,2494,0.506
2020-9-26,Baltimore,2034,0.7
2020-9-26,Denver,771,0.183
2020-9-26,Washington,1889,0.461
2020-9-26,Milwaukee,2462,0.527
2020-9-26,Tucson,458,0.0918
2020-9-26,Atlanta,6584,1.18
2020-9-26,Kansas City,858,0.236
2020-9-26,Omaha,1336,0.446
2020-9-26,Cleveland,2337,0.38
2020-9-26,Honolulu,3717,0.825
2020-9-26,Boise,335,0.132
2020-9-26,Colorado Springs,656,0.191
2020-10-3,New York City,39101,0.994
2020-10-3,Chicago,15646,0.603
2020-10-3,Phoenix,2275,0.0985
2020-10-3,Las Vegas,6551,0.579
2020-10-3,Seattle,4113,0.319
2020-10-3,Philadelphia,2123,0.294
2020-10-3,Columbus,2085,0.299
2020-10-3,Indianapolis,2277,0.462
2020-10-3,Baltimore,3462,1.19
2020-10-3,Denver,986,0.234
2020-10-3,Washington,1649,0.402
2020-10-3,Milwaukee,2517,0.539
2020-10-3,Tucson,463,0.0928
2020-10-3,Atlanta,6788,1.22
2020-10-3,Kansas City,893,0.246
2020-10-3,Omaha,1367,0.456
2020-10-3,Cleveland,2328,0.379
2020-10-3,Honolulu,3255,0.722
2020-10-3,Boise,392,0.154
2020-10-3,Colorado Springs,713,0.208
2020-10-10,New York City,38929,0.989
2020-10-10,Phoenix,2333,0.101
2020-10-10,Las Vegas,6659,0.588
2020-10-10,Seattle,5982,0.464
2020-10-10,Philadelphia,2032,0.281
2020-10-10,Columbus,2217,0.318
2020-10-10,Indianapolis,17133,3.48
2020-10-10,Baltimore,2984,1.03
2020-10-10,Washington,1912,0.466
2020-10-10,Milwaukee,3266,0.699
2020-10-10,Tucson,454,0.091
2020-10-10,Kansas City,9965,2.74
2020-10-10,Omaha,1348,0.45
2020-10-10,Cleveland,2388,0.389
2020-10-10,Honolulu,3016,0.669
2020-10-10,Boise,408,0.16
2020-10-17,Columbus,2217,0.318
2020-10-17,Indianapolis,4190,0.85
2020-10-17,Baltimore,2375,0.817
2020-10-17,Milwaukee,2890,0.619
2020-10-17,Cleveland,2388,0.389
